{
    "location": {
        "name": "Methuen",
        "region": "Massachusetts",
        "country": "USA",
        "lat": 42.73,
        "lon": -71.18,
        "tz_id": "America/New_York",
        "localtime_epoch": 1658429795,
        "localtime": "2022-07-21 14:56"
    },
    "current": {
        "last_updated_epoch": 1658429100,
        "last_updated": "2022-07-21 14:45",
        "temp_c": 34.4,
        "temp_f": 93.9,
        "is_day": 1,
        "condition": {
            "text": "Partly cloudy",
            "icon": "//cdn.weatherapi.com/weather/64x64/day/116.png",
            "code": 1003
        },
        "wind_mph": 12.5,
        "wind_kph": 20.2,
        "wind_degree": 190,
        "wind_dir": "S",
        "pressure_mb": 1003,
        "pressure_in": 29.62,
        "precip_mm": 0,
        "precip_in": 0,
        "humidity": 48,
        "cloud": 50,
        "feelslike_c": 35.7,
        "feelslike_f": 96.3,
        "vis_km": 16,
        "vis_miles": 9,
        "uv": 9,
        "gust_mph": 15.2,
        "gust_kph": 24.5,
        "air_quality": {
            "co": 287.1000061035156,
            "no2": 1.7000000476837158,
            "o3": 111.5999984741211,
            "so2": 1.5,
            "pm2_5": 6.099999904632568,
            "pm10": 7.300000190734863,
            "us-epa-index": 1,
            "gb-defra-index": 1
        }
    },
    "forecast": {
        "forecastday": [
            {
                "date": "2022-07-21",
                "date_epoch": 1658361600,
                "day": {
                    "maxtemp_c": 36.3,
                    "maxtemp_f": 97.3,
                    "mintemp_c": 22.1,
                    "mintemp_f": 71.8,
                    "avgtemp_c": 27.1,
                    "avgtemp_f": 80.7,
                    "maxwind_mph": 15.4,
                    "maxwind_kph": 24.8,
                    "totalprecip_mm": 3.4,
                    "totalprecip_in": 0.13,
                    "avgvis_km": 9.1,
                    "avgvis_miles": 5,
                    "avghumidity": 70,
                    "daily_will_it_rain": 1,
                    "daily_chance_of_rain": 83,
                    "daily_will_it_snow": 0,
                    "daily_chance_of_snow": 0,
                    "condition": {
                        "text": "Patchy rain possible",
                        "icon": "//cdn.weatherapi.com/weather/64x64/day/176.png",
                        "code": 1063
                    },
                    "uv": 6
                },
                "astro": {
                    "sunrise": "05:26 AM",
                    "sunset": "08:16 PM",
                    "moonrise": "12:17 AM",
                    "moonset": "02:23 PM",
                    "moon_phase": "Last Quarter",
                    "moon_illumination": "43"
                },
                "hour": [
                    {
                        "time_epoch": 1658376000,
                        "time": "2022-07-21 00:00",
                        "temp_c": 24.5,
                        "temp_f": 76.1,
                        "is_day": 0,
                        "condition": {
                            "text": "Clear",
                            "icon": "//cdn.weatherapi.com/weather/64x64/night/113.png",
                            "code": 1000
                        },
                        "wind_mph": 5.1,
                        "wind_kph": 8.3,
                        "wind_degree": 221,
                        "wind_dir": "SW",
                        "pressure_mb": 1006,
                        "pressure_in": 29.69,
                        "precip_mm": 0,
                        "precip_in": 0,
                        "humidity": 71,
                        "cloud": 5,
                        "feelslike_c": 26.1,
                        "feelslike_f": 79,
                        "windchill_c": 24.5,
                        "windchill_f": 76.1,
                        "heatindex_c": 26.1,
                        "heatindex_f": 79,
                        "dewpoint_c": 18.9,
                        "dewpoint_f": 66,
                        "will_it_rain": 0,
                        "chance_of_rain": 0,
                        "will_it_snow": 0,
                        "chance_of_snow": 0,
                        "vis_km": 10,
                        "vis_miles": 6,
                        "gust_mph": 10.7,
                        "gust_kph": 17.3,
                        "uv": 1
                    },
                    {
                        "time_epoch": 1658379600,
                        "time": "2022-07-21 01:00",
                        "temp_c": 23.8,
                        "temp_f": 74.8,
                        "is_day": 0,
                        "condition": {
                            "text": "Clear",
                            "icon": "//cdn.weatherapi.com/weather/64x64/night/113.png",
                            "code": 1000
                        },
                        "wind_mph": 5.1,
                        "wind_kph": 8.3,
                        "wind_degree": 216,
                        "wind_dir": "SW",
                        "pressure_mb": 1005,
                        "pressure_in": 29.69,
                        "precip_mm": 0,
                        "precip_in": 0,
                        "humidity": 74,
                        "cloud": 5,
                        "feelslike_c": 25.6,
                        "feelslike_f": 78.1,
                        "windchill_c": 23.8,
                        "windchill_f": 74.8,
                        "heatindex_c": 25.6,
                        "heatindex_f": 78.1,
                        "dewpoint_c": 19,
                        "dewpoint_f": 66.2,
                        "will_it_rain": 0,
                        "chance_of_rain": 0,
                        "will_it_snow": 0,
                        "chance_of_snow": 0,
                        "vis_km": 10,
                        "vis_miles": 6,
                        "gust_mph": 10.7,
                        "gust_kph": 17.3,
                        "uv": 1
                    },
                    {
                        "time_epoch": 1658383200,
                        "time": "2022-07-21 02:00",
                        "temp_c": 23.2,
                        "temp_f": 73.8,
                        "is_day": 0,
                        "condition": {
                            "text": "Clear",
                            "icon": "//cdn.weatherapi.com/weather/64x64/night/113.png",
                            "code": 1000
                        },
                        "wind_mph": 5.1,
                        "wind_kph": 8.3,
                        "wind_degree": 203,
                        "wind_dir": "SSW",
                        "pressure_mb": 1005,
                        "pressure_in": 29.68,
                        "precip_mm": 0,
                        "precip_in": 0,
                        "humidity": 78,
                        "cloud": 10,
                        "feelslike_c": 25.2,
                        "feelslike_f": 77.4,
                        "windchill_c": 23.2,
                        "windchill_f": 73.8,
                        "heatindex_c": 25.2,
                        "heatindex_f": 77.4,
                        "dewpoint_c": 19.1,
                        "dewpoint_f": 66.4,
                        "will_it_rain": 0,
                        "chance_of_rain": 0,
                        "will_it_snow": 0,
                        "chance_of_snow": 0,
                        "vis_km": 10,
                        "vis_miles": 6,
                        "gust_mph": 10.7,
                        "gust_kph": 17.3,
                        "uv": 1
                    },
                    {
                        "time_epoch": 1658386800,
                        "time": "2022-07-21 03:00",
                        "temp_c": 22.8,
                        "temp_f": 73,
                        "is_day": 0,
                        "condition": {
                            "text": "Clear",
                            "icon": "//cdn.weatherapi.com/weather/64x64/night/113.png",
                            "code": 1000
                        },
                        "wind_mph": 4.7,
                        "wind_kph": 7.6,
                        "wind_degree": 200,
                        "wind_dir": "SSW",
                        "pressure_mb": 1005,
                        "pressure_in": 29.68,
                        "precip_mm": 0,
                        "precip_in": 0,
                        "humidity": 81,
                        "cloud": 10,
                        "feelslike_c": 24.9,
                        "feelslike_f": 76.8,
                        "windchill_c": 22.8,
                        "windchill_f": 73,
                        "heatindex_c": 24.9,
                        "heatindex_f": 76.8,
                        "dewpoint_c": 19.3,
                        "dewpoint_f": 66.7,
                        "will_it_rain": 0,
                        "chance_of_rain": 0,
                        "will_it_snow": 0,
                        "chance_of_snow": 0,
                        "vis_km": 10,
                        "vis_miles": 6,
                        "gust_mph": 9.8,
                        "gust_kph": 15.8,
                        "uv": 1
                    },
                    {
                        "time_epoch": 1658390400,
                        "time": "2022-07-21 04:00",
                        "temp_c": 22.4,
                        "temp_f": 72.3,
                        "is_day": 0,
                        "condition": {
                            "text": "Clear",
                            "icon": "//cdn.weatherapi.com/weather/64x64/night/113.png",
                            "code": 1000
                        },
                        "wind_mph": 4.9,
                        "wind_kph": 7.9,
                        "wind_degree": 195,
                        "wind_dir": "SSW",
                        "pressure_mb": 1005,
                        "pressure_in": 29.68,
                        "precip_mm": 0,
                        "precip_in": 0,
                        "humidity": 82,
                        "cloud": 9,
                        "feelslike_c": 24.7,
                        "feelslike_f": 76.5,
                        "windchill_c": 22.4,
                        "windchill_f": 72.3,
                        "heatindex_c": 24.7,
                        "heatindex_f": 76.5,
                        "dewpoint_c": 19.2,
                        "dewpoint_f": 66.6,
                        "will_it_rain": 0,
                        "chance_of_rain": 0,
                        "will_it_snow": 0,
                        "chance_of_snow": 0,
                        "vis_km": 10,
                        "vis_miles": 6,
                        "gust_mph": 10.3,
                        "gust_kph": 16.6,
                        "uv": 1
                    },
                    {
                        "time_epoch": 1658394000,
                        "time": "2022-07-21 05:00",
                        "temp_c": 22.1,
                        "temp_f": 71.8,
                        "is_day": 0,
                        "condition": {
                            "text": "Clear",
                            "icon": "//cdn.weatherapi.com/weather/64x64/night/113.png",
                            "code": 1000
                        },
                        "wind_mph": 4.7,
                        "wind_kph": 7.6,
                        "wind_degree": 191,
                        "wind_dir": "SSW",
                        "pressure_mb": 1005,
                        "pressure_in": 29.67,
                        "precip_mm": 0,
                        "precip_in": 0,
                        "humidity": 86,
                        "cloud": 8,
                        "feelslike_c": 24.6,
                        "feelslike_f": 76.3,
                        "windchill_c": 22.1,
                        "windchill_f": 71.8,
                        "heatindex_c": 24.6,
                        "heatindex_f": 76.3,
                        "dewpoint_c": 19.6,
                        "dewpoint_f": 67.3,
                        "will_it_rain": 0,
                        "chance_of_rain": 0,
                        "will_it_snow": 0,
                        "chance_of_snow": 0,
                        "vis_km": 10,
                        "vis_miles": 6,
                        "gust_mph": 9.8,
                        "gust_kph": 15.8,
                        "uv": 1
                    },
                    {
                        "time_epoch": 1658397600,
                        "time": "2022-07-21 06:00",
                        "temp_c": 22.1,
                        "temp_f": 71.8,
                        "is_day": 1,
                        "condition": {
                            "text": "Sunny",
                            "icon": "//cdn.weatherapi.com/weather/64x64/day/113.png",
                            "code": 1000
                        },
                        "wind_mph": 4.9,
                        "wind_kph": 7.9,
                        "wind_degree": 198,
                        "wind_dir": "SSW",
                        "pressure_mb": 1005,
                        "pressure_in": 29.67,
                        "precip_mm": 0,
                        "precip_in": 0,
                        "humidity": 87,
                        "cloud": 7,
                        "feelslike_c": 24.6,
                        "feelslike_f": 76.3,
                        "windchill_c": 22.1,
                        "windchill_f": 71.8,
                        "heatindex_c": 24.6,
                        "heatindex_f": 76.3,
                        "dewpoint_c": 19.9,
                        "dewpoint_f": 67.8,
                        "will_it_rain": 0,
                        "chance_of_rain": 0,
                        "will_it_snow": 0,
                        "chance_of_snow": 0,
                        "vis_km": 10,
                        "vis_miles": 6,
                        "gust_mph": 10.1,
                        "gust_kph": 16.2,
                        "uv": 6
                    },
                    {
                        "time_epoch": 1658401200,
                        "time": "2022-07-21 07:00",
                        "temp_c": 23.9,
                        "temp_f": 75,
                        "is_day": 1,
                        "condition": {
                            "text": "Sunny",
                            "icon": "//cdn.weatherapi.com/weather/64x64/day/113.png",
                            "code": 1000
                        },
                        "wind_mph": 5.4,
                        "wind_kph": 8.6,
                        "wind_degree": 202,
                        "wind_dir": "SSW",
                        "pressure_mb": 1005,
                        "pressure_in": 29.68,
                        "precip_mm": 0,
                        "precip_in": 0,
                        "humidity": 81,
                        "cloud": 6,
                        "feelslike_c": 25.9,
                        "feelslike_f": 78.6,
                        "windchill_c": 23.9,
                        "windchill_f": 75,
                        "heatindex_c": 25.9,
                        "heatindex_f": 78.6,
                        "dewpoint_c": 20.4,
                        "dewpoint_f": 68.7,
                        "will_it_rain": 0,
                        "chance_of_rain": 0,
                        "will_it_snow": 0,
                        "chance_of_snow": 0,
                        "vis_km": 10,
                        "vis_miles": 6,
                        "gust_mph": 8.9,
                        "gust_kph": 14.4,
                        "uv": 6
                    },
                    {
                        "time_epoch": 1658404800,
                        "time": "2022-07-21 08:00",
                        "temp_c": 26.5,
                        "temp_f": 79.7,
                        "is_day": 1,
                        "condition": {
                            "text": "Sunny",
                            "icon": "//cdn.weatherapi.com/weather/64x64/day/113.png",
                            "code": 1000
                        },
                        "wind_mph": 7.8,
                        "wind_kph": 12.6,
                        "wind_degree": 209,
                        "wind_dir": "SSW",
                        "pressure_mb": 1005,
                        "pressure_in": 29.68,
                        "precip_mm": 0,
                        "precip_in": 0,
                        "humidity": 68,
                        "cloud": 8,
                        "feelslike_c": 28.3,
                        "feelslike_f": 82.9,
                        "windchill_c": 26.5,
                        "windchill_f": 79.7,
                        "heatindex_c": 28.3,
                        "heatindex_f": 82.9,
                        "dewpoint_c": 20.1,
                        "dewpoint_f": 68.2,
                        "will_it_rain": 0,
                        "chance_of_rain": 0,
                        "will_it_snow": 0,
                        "chance_of_snow": 0,
                        "vis_km": 10,
                        "vis_miles": 6,
                        "gust_mph": 10.3,
                        "gust_kph": 16.6,
                        "uv": 7
                    },
                    {
                        "time_epoch": 1658408400,
                        "time": "2022-07-21 09:00",
                        "temp_c": 29,
                        "temp_f": 84.2,
                        "is_day": 1,
                        "condition": {
                            "text": "Sunny",
                            "icon": "//cdn.weatherapi.com/weather/64x64/day/113.png",
                            "code": 1000
                        },
                        "wind_mph": 8.7,
                        "wind_kph": 14,
                        "wind_degree": 207,
                        "wind_dir": "SSW",
                        "pressure_mb": 1005,
                        "pressure_in": 29.67,
                        "precip_mm": 0,
                        "precip_in": 0,
                        "humidity": 59,
                        "cloud": 5,
                        "feelslike_c": 31.2,
                        "feelslike_f": 88.2,
                        "windchill_c": 29,
                        "windchill_f": 84.2,
                        "heatindex_c": 31.2,
                        "heatindex_f": 88.2,
                        "dewpoint_c": 20.2,
                        "dewpoint_f": 68.4,
                        "will_it_rain": 0,
                        "chance_of_rain": 0,
                        "will_it_snow": 0,
                        "chance_of_snow": 0,
                        "vis_km": 10,
                        "vis_miles": 6,
                        "gust_mph": 10.1,
                        "gust_kph": 16.2,
                        "uv": 7
                    },
                    {
                        "time_epoch": 1658412000,
                        "time": "2022-07-21 10:00",
                        "temp_c": 30.9,
                        "temp_f": 87.6,
                        "is_day": 1,
                        "condition": {
                            "text": "Sunny",
                            "icon": "//cdn.weatherapi.com/weather/64x64/day/113.png",
                            "code": 1000
                        },
                        "wind_mph": 10.1,
                        "wind_kph": 16.2,
                        "wind_degree": 208,
                        "wind_dir": "SSW",
                        "pressure_mb": 1005,
                        "pressure_in": 29.66,
                        "precip_mm": 0,
                        "precip_in": 0,
                        "humidity": 51,
                        "cloud": 8,
                        "feelslike_c": 33.1,
                        "feelslike_f": 91.6,
                        "windchill_c": 30.9,
                        "windchill_f": 87.6,
                        "heatindex_c": 33.1,
                        "heatindex_f": 91.6,
                        "dewpoint_c": 19.5,
                        "dewpoint_f": 67.1,
                        "will_it_rain": 0,
                        "chance_of_rain": 0,
                        "will_it_snow": 0,
                        "chance_of_snow": 0,
                        "vis_km": 10,
                        "vis_miles": 6,
                        "gust_mph": 11.6,
                        "gust_kph": 18.7,
                        "uv": 8
                    },
                    {
                        "time_epoch": 1658415600,
                        "time": "2022-07-21 11:00",
                        "temp_c": 33.8,
                        "temp_f": 92.8,
                        "is_day": 1,
                        "condition": {
                            "text": "Sunny",
                            "icon": "//cdn.weatherapi.com/weather/64x64/day/113.png",
                            "code": 1000
                        },
                        "wind_mph": 11.4,
                        "wind_kph": 18.4,
                        "wind_degree": 207,
                        "wind_dir": "SSW",
                        "pressure_mb": 1004,
                        "pressure_in": 29.65,
                        "precip_mm": 0,
                        "precip_in": 0,
                        "humidity": 44,
                        "cloud": 24,
                        "feelslike_c": 36.8,
                        "feelslike_f": 98.2,
                        "windchill_c": 33.8,
                        "windchill_f": 92.8,
                        "heatindex_c": 36.8,
                        "heatindex_f": 98.2,
                        "dewpoint_c": 19.8,
                        "dewpoint_f": 67.6,
                        "will_it_rain": 0,
                        "chance_of_rain": 0,
                        "will_it_snow": 0,
                        "chance_of_snow": 0,
                        "vis_km": 10,
                        "vis_miles": 6,
                        "gust_mph": 13.2,
                        "gust_kph": 21.2,
                        "uv": 8
                    },
                    {
                        "time_epoch": 1658419200,
                        "time": "2022-07-21 12:00",
                        "temp_c": 35.1,
                        "temp_f": 95.2,
                        "is_day": 1,
                        "condition": {
                            "text": "Partly cloudy",
                            "icon": "//cdn.weatherapi.com/weather/64x64/day/116.png",
                            "code": 1003
                        },
                        "wind_mph": 11.6,
                        "wind_kph": 18.7,
                        "wind_degree": 212,
                        "wind_dir": "SSW",
                        "pressure_mb": 1003,
                        "pressure_in": 29.62,
                        "precip_mm": 0,
                        "precip_in": 0,
                        "humidity": 38,
                        "cloud": 42,
                        "feelslike_c": 37.6,
                        "feelslike_f": 99.7,
                        "windchill_c": 35.1,
                        "windchill_f": 95.2,
                        "heatindex_c": 37.6,
                        "heatindex_f": 99.7,
                        "dewpoint_c": 18.6,
                        "dewpoint_f": 65.5,
                        "will_it_rain": 0,
                        "chance_of_rain": 0,
                        "will_it_snow": 0,
                        "chance_of_snow": 0,
                        "vis_km": 10,
                        "vis_miles": 6,
                        "gust_mph": 13.4,
                        "gust_kph": 21.6,
                        "uv": 9
                    },
                    {
                        "time_epoch": 1658422800,
                        "time": "2022-07-21 13:00",
                        "temp_c": 36.3,
                        "temp_f": 97.3,
                        "is_day": 1,
                        "condition": {
                            "text": "Partly cloudy",
                            "icon": "//cdn.weatherapi.com/weather/64x64/day/116.png",
                            "code": 1003
                        },
                        "wind_mph": 13.2,
                        "wind_kph": 21.2,
                        "wind_degree": 213,
                        "wind_dir": "SSW",
                        "pressure_mb": 1002,
                        "pressure_in": 29.59,
                        "precip_mm": 0,
                        "precip_in": 0,
                        "humidity": 36,
                        "cloud": 31,
                        "feelslike_c": 39,
                        "feelslike_f": 102.2,
                        "windchill_c": 36.3,
                        "windchill_f": 97.3,
                        "heatindex_c": 39,
                        "heatindex_f": 102.2,
                        "dewpoint_c": 18.6,
                        "dewpoint_f": 65.5,
                        "will_it_rain": 0,
                        "chance_of_rain": 0,
                        "will_it_snow": 0,
                        "chance_of_snow": 0,
                        "vis_km": 10,
                        "vis_miles": 6,
                        "gust_mph": 15.2,
                        "gust_kph": 24.5,
                        "uv": 9
                    },
                    {
                        "time_epoch": 1658426400,
                        "time": "2022-07-21 14:00",
                        "temp_c": 33.3,
                        "temp_f": 91.9,
                        "is_day": 1,
                        "condition": {
                            "text": "Partly cloudy",
                            "icon": "//cdn.weatherapi.com/weather/64x64/day/116.png",
                            "code": 1003
                        },
                        "wind_mph": 13.6,
                        "wind_kph": 22,
                        "wind_degree": 219,
                        "wind_dir": "SW",
                        "pressure_mb": 1002,
                        "pressure_in": 29.6,
                        "precip_mm": 0,
                        "precip_in": 0,
                        "humidity": 44,
                        "cloud": 45,
                        "feelslike_c": 35.9,
                        "feelslike_f": 96.6,
                        "windchill_c": 33.3,
                        "windchill_f": 91.9,
                        "heatindex_c": 35.9,
                        "heatindex_f": 96.6,
                        "dewpoint_c": 19.4,
                        "dewpoint_f": 66.9,
                        "will_it_rain": 0,
                        "chance_of_rain": 0,
                        "will_it_snow": 0,
                        "chance_of_snow": 0,
                        "vis_km": 10,
                        "vis_miles": 6,
                        "gust_mph": 15.7,
                        "gust_kph": 25.2,
                        "uv": 8
                    },
                    {
                        "time_epoch": 1658430000,
                        "time": "2022-07-21 15:00",
                        "temp_c": 33.2,
                        "temp_f": 91.8,
                        "is_day": 1,
                        "condition": {
                            "text": "Partly cloudy",
                            "icon": "//cdn.weatherapi.com/weather/64x64/day/116.png",
                            "code": 1003
                        },
                        "wind_mph": 12.8,
                        "wind_kph": 20.5,
                        "wind_degree": 206,
                        "wind_dir": "SSW",
                        "pressure_mb": 1002,
                        "pressure_in": 29.59,
                        "precip_mm": 0,
                        "precip_in": 0,
                        "humidity": 45,
                        "cloud": 46,
                        "feelslike_c": 36,
                        "feelslike_f": 96.8,
                        "windchill_c": 33.2,
                        "windchill_f": 91.8,
                        "heatindex_c": 36,
                        "heatindex_f": 96.8,
                        "dewpoint_c": 19.7,
                        "dewpoint_f": 67.5,
                        "will_it_rain": 0,
                        "chance_of_rain": 0,
                        "will_it_snow": 0,
                        "chance_of_snow": 0,
                        "vis_km": 10,
                        "vis_miles": 6,
                        "gust_mph": 15.2,
                        "gust_kph": 24.5,
                        "uv": 8
                    },
                    {
                        "time_epoch": 1658433600,
                        "time": "2022-07-21 16:00",
                        "temp_c": 33.2,
                        "temp_f": 91.8,
                        "is_day": 1,
                        "condition": {
                            "text": "Patchy rain possible",
                            "icon": "//cdn.weatherapi.com/weather/64x64/day/176.png",
                            "code": 1063
                        },
                        "wind_mph": 10.3,
                        "wind_kph": 16.6,
                        "wind_degree": 200,
                        "wind_dir": "SSW",
                        "pressure_mb": 1002,
                        "pressure_in": 29.6,
                        "precip_mm": 0.1,
                        "precip_in": 0,
                        "humidity": 54,
                        "cloud": 70,
                        "feelslike_c": 38.4,
                        "feelslike_f": 101.1,
                        "windchill_c": 33.2,
                        "windchill_f": 91.8,
                        "heatindex_c": 38.4,
                        "heatindex_f": 101.1,
                        "dewpoint_c": 22.7,
                        "dewpoint_f": 72.9,
                        "will_it_rain": 1,
                        "chance_of_rain": 73,
                        "will_it_snow": 0,
                        "chance_of_snow": 0,
                        "vis_km": 10,
                        "vis_miles": 6,
                        "gust_mph": 11.9,
                        "gust_kph": 19.1,
                        "uv": 7
                    },
                    {
                        "time_epoch": 1658437200,
                        "time": "2022-07-21 17:00",
                        "temp_c": 32.4,
                        "temp_f": 90.3,
                        "is_day": 1,
                        "condition": {
                            "text": "Patchy rain possible",
                            "icon": "//cdn.weatherapi.com/weather/64x64/day/176.png",
                            "code": 1063
                        },
                        "wind_mph": 12.8,
                        "wind_kph": 20.5,
                        "wind_degree": 213,
                        "wind_dir": "SSW",
                        "pressure_mb": 1002,
                        "pressure_in": 29.6,
                        "precip_mm": 0.2,
                        "precip_in": 0.01,
                        "humidity": 49,
                        "cloud": 79,
                        "feelslike_c": 35.4,
                        "feelslike_f": 95.7,
                        "windchill_c": 32.4,
                        "windchill_f": 90.3,
                        "heatindex_c": 35.4,
                        "heatindex_f": 95.7,
                        "dewpoint_c": 20.3,
                        "dewpoint_f": 68.5,
                        "will_it_rain": 1,
                        "chance_of_rain": 83,
                        "will_it_snow": 0,
                        "chance_of_snow": 0,
                        "vis_km": 9,
                        "vis_miles": 5,
                        "gust_mph": 15.7,
                        "gust_kph": 25.2,
                        "uv": 7
                    },
                    {
                        "time_epoch": 1658440800,
                        "time": "2022-07-21 18:00",
                        "temp_c": 25.7,
                        "temp_f": 78.3,
                        "is_day": 1,
                        "condition": {
                            "text": "Patchy rain possible",
                            "icon": "//cdn.weatherapi.com/weather/64x64/day/176.png",
                            "code": 1063
                        },
                        "wind_mph": 15.4,
                        "wind_kph": 24.8,
                        "wind_degree": 202,
                        "wind_dir": "SSW",
                        "pressure_mb": 1003,
                        "pressure_in": 29.62,
                        "precip_mm": 0.3,
                        "precip_in": 0.01,
                        "humidity": 85,
                        "cloud": 78,
                        "feelslike_c": 28.5,
                        "feelslike_f": 83.3,
                        "windchill_c": 25.7,
                        "windchill_f": 78.3,
                        "heatindex_c": 28.5,
                        "heatindex_f": 83.3,
                        "dewpoint_c": 23,
                        "dewpoint_f": 73.4,
                        "will_it_rain": 1,
                        "chance_of_rain": 79,
                        "will_it_snow": 0,
                        "chance_of_snow": 0,
                        "vis_km": 9,
                        "vis_miles": 5,
                        "gust_mph": 19.9,
                        "gust_kph": 32,
                        "uv": 6
                    },
                    {
                        "time_epoch": 1658444400,
                        "time": "2022-07-21 19:00",
                        "temp_c": 23.4,
                        "temp_f": 74.1,
                        "is_day": 1,
                        "condition": {
                            "text": "Patchy rain possible",
                            "icon": "//cdn.weatherapi.com/weather/64x64/day/176.png",
                            "code": 1063
                        },
                        "wind_mph": 6.7,
                        "wind_kph": 10.8,
                        "wind_degree": 204,
                        "wind_dir": "SSW",
                        "pressure_mb": 1003,
                        "pressure_in": 29.6,
                        "precip_mm": 0.3,
                        "precip_in": 0.01,
                        "humidity": 88,
                        "cloud": 88,
                        "feelslike_c": 25.6,
                        "feelslike_f": 78.1,
                        "windchill_c": 23.4,
                        "windchill_f": 74.1,
                        "heatindex_c": 25.6,
                        "heatindex_f": 78.1,
                        "dewpoint_c": 21.2,
                        "dewpoint_f": 70.2,
                        "will_it_rain": 0,
                        "chance_of_rain": 62,
                        "will_it_snow": 0,
                        "chance_of_snow": 0,
                        "vis_km": 9,
                        "vis_miles": 5,
                        "gust_mph": 14.1,
                        "gust_kph": 22.7,
                        "uv": 5
                    },
                    {
                        "time_epoch": 1658448000,
                        "time": "2022-07-21 20:00",
                        "temp_c": 23.6,
                        "temp_f": 74.5,
                        "is_day": 1,
                        "condition": {
                            "text": "Patchy rain possible",
                            "icon": "//cdn.weatherapi.com/weather/64x64/day/176.png",
                            "code": 1063
                        },
                        "wind_mph": 7.6,
                        "wind_kph": 12.2,
                        "wind_degree": 218,
                        "wind_dir": "SW",
                        "pressure_mb": 1004,
                        "pressure_in": 29.64,
                        "precip_mm": 1.7,
                        "precip_in": 0.07,
                        "humidity": 90,
                        "cloud": 77,
                        "feelslike_c": 25.8,
                        "feelslike_f": 78.4,
                        "windchill_c": 23.6,
                        "windchill_f": 74.5,
                        "heatindex_c": 25.8,
                        "heatindex_f": 78.4,
                        "dewpoint_c": 21.8,
                        "dewpoint_f": 71.2,
                        "will_it_rain": 0,
                        "chance_of_rain": 63,
                        "will_it_snow": 0,
                        "chance_of_snow": 0,
                        "vis_km": 9,
                        "vis_miles": 5,
                        "gust_mph": 14.3,
                        "gust_kph": 23,
                        "uv": 5
                    },
                    {
                        "time_epoch": 1658451600,
                        "time": "2022-07-21 21:00",
                        "temp_c": 23,
                        "temp_f": 73.4,
                        "is_day": 0,
                        "condition": {
                            "text": "Patchy rain possible",
                            "icon": "//cdn.weatherapi.com/weather/64x64/night/176.png",
                            "code": 1063
                        },
                        "wind_mph": 7.2,
                        "wind_kph": 11.5,
                        "wind_degree": 204,
                        "wind_dir": "SSW",
                        "pressure_mb": 1005,
                        "pressure_in": 29.66,
                        "precip_mm": 0.3,
                        "precip_in": 0.01,
                        "humidity": 96,
                        "cloud": 72,
                        "feelslike_c": 25.4,
                        "feelslike_f": 77.7,
                        "windchill_c": 23,
                        "windchill_f": 73.4,
                        "heatindex_c": 25.4,
                        "heatindex_f": 77.7,
                        "dewpoint_c": 22.3,
                        "dewpoint_f": 72.1,
                        "will_it_rain": 0,
                        "chance_of_rain": 63,
                        "will_it_snow": 0,
                        "chance_of_snow": 0,
                        "vis_km": 9,
                        "vis_miles": 5,
                        "gust_mph": 14.1,
                        "gust_kph": 22.7,
                        "uv": 1
                    },
                    {
                        "time_epoch": 1658455200,
                        "time": "2022-07-21 22:00",
                        "temp_c": 22.9,
                        "temp_f": 73.2,
                        "is_day": 0,
                        "condition": {
                            "text": "Mist",
                            "icon": "//cdn.weatherapi.com/weather/64x64/night/143.png",
                            "code": 1030
                        },
                        "wind_mph": 6.3,
                        "wind_kph": 10.1,
                        "wind_degree": 215,
                        "wind_dir": "SW",
                        "pressure_mb": 1005,
                        "pressure_in": 29.68,
                        "precip_mm": 0.1,
                        "precip_in": 0,
                        "humidity": 97,
                        "cloud": 73,
                        "feelslike_c": 25.4,
                        "feelslike_f": 77.7,
                        "windchill_c": 22.9,
                        "windchill_f": 73.2,
                        "heatindex_c": 25.4,
                        "heatindex_f": 77.7,
                        "dewpoint_c": 22.3,
                        "dewpoint_f": 72.1,
                        "will_it_rain": 0,
                        "chance_of_rain": 69,
                        "will_it_snow": 0,
                        "chance_of_snow": 0,
                        "vis_km": 2,
                        "vis_miles": 1,
                        "gust_mph": 13.2,
                        "gust_kph": 21.2,
                        "uv": 1
                    },
                    {
                        "time_epoch": 1658458800,
                        "time": "2022-07-21 23:00",
                        "temp_c": 22.7,
                        "temp_f": 72.9,
                        "is_day": 0,
                        "condition": {
                            "text": "Mist",
                            "icon": "//cdn.weatherapi.com/weather/64x64/night/143.png",
                            "code": 1030
                        },
                        "wind_mph": 5.8,
                        "wind_kph": 9.4,
                        "wind_degree": 243,
                        "wind_dir": "WSW",
                        "pressure_mb": 1005,
                        "pressure_in": 29.69,
                        "precip_mm": 0.4,
                        "precip_in": 0.02,
                        "humidity": 96,
                        "cloud": 71,
                        "feelslike_c": 25.1,
                        "feelslike_f": 77.2,
                        "windchill_c": 22.7,
                        "windchill_f": 72.9,
                        "heatindex_c": 25.1,
                        "heatindex_f": 77.2,
                        "dewpoint_c": 22,
                        "dewpoint_f": 71.6,
                        "will_it_rain": 1,
                        "chance_of_rain": 78,
                        "will_it_snow": 0,
                        "chance_of_snow": 0,
                        "vis_km": 2,
                        "vis_miles": 1,
                        "gust_mph": 12.3,
                        "gust_kph": 19.8,
                        "uv": 1
                    }
                ]
            }
        ]
    }
}